<?xml version="1.0" encoding="UTF-8" standalone="yes"?>
<configuration>

  <contextListener class="org.eclipse.scout.commons.logger.AutoRegisteringJulLevelChangePropagator" />

  <variable name="mdcPattern" scope="context" value="httpSessionId: '%X{http.session.id}', majorPrincipal: '%X{subject.principal.name}'" />
  <variable name="mdcPatternWithoutEmptyValues" scope="context" value="%replace(${mdcPattern}){'[a-zA-Z0-9]+: \\'\\'(, )?', ''}" />
  <variable name="logPattern" scope="context" value="%date{ISO8601} %-5level %thread %logger{50} - %m [${mdcPatternWithoutEmptyValues}]%n" />

  <appender class="ch.qos.logback.core.rolling.RollingFileAppender" name="FILE">
    <!-- Sample for Tomcat Log Folder -->
    <file>${catalina.base}/logs/@@project.symbolicName@@.server.log</file>
    <rollingPolicy class="ch.qos.logback.core.rolling.TimeBasedRollingPolicy">
      <fileNamePattern>${catalina.base}/logs/@@project.symbolicName@@.server-%d{yyyy-MM-dd}.log</fileNamePattern>
      <maxHistory>100</maxHistory>
    </rollingPolicy>
    <encoder>
      <pattern>${logPattern}</pattern>
    </encoder>
  </appender>

  <root level="INFO">
    <appender-ref ref="FILE" />
  </root>

  <logger name="org.eclipse.scout.rt.server.services.common.jdbc.internal.exec.StatementProcessor" level="WARN" />
  <logger name="org.eclipse.scout.rt.shared.services.common.exceptionhandler.LogExceptionHandlerService" level="WARN" />
  <logger name="org.eclipse.scout.rt.platform.internal.BeanFilter" level="WARN" />

</configuration>
